-- DB-09 開発確認用の初期データINSERT文
-- 対象：TM3管理ツール MVP
--
-- 方針：
-- users / roles は自作テーブルとして作成せず、
-- Directus標準のユーザー管理・ロール管理機能を利用する。
--
-- そのため、このSQLでは users / roles へのINSERT文は作成しない。
--
-- 事前準備：
-- Directus側で以下のようなユーザーを作成しておく想定。
--
-- 管理者ユーザー：
--   id: 11111111-1111-1111-1111-111111111111
--
-- メンバーA：
--   id: 22222222-2222-2222-2222-222222222222
--
-- メンバーB：
--   id: 33333333-3333-3333-3333-333333333333
--
-- 注意：
-- 上記IDは仮の値です。
-- 実際に使用する場合は、Directus上で作成されたユーザーIDに置き換える。

-- =========================================
-- INSERT順
-- 1. statuses
-- 2. projects
-- 3. project_members
-- 4. tasks
-- =========================================

-- =========================================
-- 1. statuses
-- カンバン表示・タスク状態確認用
-- =========================================
INSERT INTO statuses (id, name, sort_order)
VALUES
  (1, '未対応', 1),
  (2, '対応中', 2),
  (3, '確認中', 3),
  (4, '対応済み', 4);

-- =========================================
-- 2. projects
-- プロジェクト一覧・タスク紐づき確認用
-- =========================================
INSERT INTO projects (id, name, description, created_by)
VALUES
  (
    1,
    'TM3管理ツール開発',
    'プロジェクト・タスク管理アプリのMVP開発',
    '11111111-1111-1111-1111-111111111111'
  ),
  (
    2,
    'ポートフォリオ改善',
    '既存ポートフォリオの改善作業',
    '11111111-1111-1111-1111-111111111111'
  );

-- =========================================
-- 3. project_members
-- 担当者候補・プロジェクト参加者確認用
-- =========================================
INSERT INTO project_members (id, project_id, user_id, role_name)
VALUES
  (
    1,
    1,
    '11111111-1111-1111-1111-111111111111',
    '管理者'
  ),
  (
    2,
    1,
    '22222222-2222-2222-2222-222222222222',
    'メンバー'
  ),
  (
    3,
    1,
    '33333333-3333-3333-3333-333333333333',
    'メンバー'
  ),
  (
    4,
    2,
    '11111111-1111-1111-1111-111111111111',
    '管理者'
  ),
  (
    5,
    2,
    '22222222-2222-2222-2222-222222222222',
    'メンバー'
  );

-- =========================================
-- 4. tasks
-- 一覧・カレンダー・カンバン・簡易ガント確認用
-- =========================================
INSERT INTO tasks (
  id,
  project_id,
  title,
  description,
  status_id,
  assignee_id,
  start_date,
  due_date,
  created_by
)
VALUES
  (
    1,
    1,
    '要件定義書を整理する',
    'MVPに必要な要件を整理する',
    4,
    '11111111-1111-1111-1111-111111111111',
    '2026-05-20',
    '2026-05-21',
    '11111111-1111-1111-1111-111111111111'
  ),
  (
    2,
    1,
    'テーブル定義書を作成する',
    'Directus前提のテーブル定義を整理する',
    2,
    '22222222-2222-2222-2222-222222222222',
    '2026-05-22',
    '2026-05-25',
    '11111111-1111-1111-1111-111111111111'
  ),
  (
    3,
    1,
    'ER図を作成する',
    'MVP用のER図を作成する',
    1,
    '22222222-2222-2222-2222-222222222222',
    '2026-05-25',
    '2026-05-27',
    '11111111-1111-1111-1111-111111111111'
  ),
  (
    4,
    1,
    'ステータス初期データを整理する',
    'カンバン表示で使用するステータスを整理する',
    3,
    '33333333-3333-3333-3333-333333333333',
    '2026-05-23',
    '2026-05-24',
    '11111111-1111-1111-1111-111111111111'
  ),
  (
    5,
    1,
    'サンプルデータを作成する',
    '画面・API確認用のサンプルデータを作成する',
    2,
    '33333333-3333-3333-3333-333333333333',
    '2026-05-24',
    '2026-05-26',
    '11111111-1111-1111-1111-111111111111'
  ),
  (
    6,
    1,
    'API確認項目を整理する',
    'API担当者向けに必要な取得項目を整理する',
    1,
    '22222222-2222-2222-2222-222222222222',
    '2026-05-26',
    '2026-05-29',
    '11111111-1111-1111-1111-111111111111'
  ),
  (
    7,
    1,
    'カレンダー表示を確認する',
    '期限日を使ってカレンダー表示を確認する',
    1,
    '33333333-3333-3333-3333-333333333333',
    NULL,
    '2026-05-30',
    '11111111-1111-1111-1111-111111111111'
  ),
  (
    8,
    1,
    '簡易ガント表示を確認する',
    '開始日と期限日を使ってガント表示を確認する',
    2,
    '22222222-2222-2222-2222-222222222222',
    '2026-05-28',
    '2026-06-03',
    '11111111-1111-1111-1111-111111111111'
  ),
  (
    9,
    2,
    'プロフィール文を見直す',
    'ポートフォリオに掲載するプロフィール文を整理する',
    1,
    '22222222-2222-2222-2222-222222222222',
    '2026-05-24',
    '2026-05-26',
    '11111111-1111-1111-1111-111111111111'
  ),
  (
    10,
    2,
    'GitHub READMEを修正する',
    'READMEの説明文と使い方を整理する',
    3,
    '11111111-1111-1111-1111-111111111111',
    '2026-05-25',
    '2026-05-27',
    '11111111-1111-1111-1111-111111111111'
  );